{
  "preset_info": {
    "author": "Kustom Industries",
    "description": "Dark swipe right lockscreen with weather and micro notifications",
    "features": "LOCATION WEATHER NOTIFICATIONS",
    "pflags": 0,
    "height": 1440,
    "locked": false,
    "release": 329733110,
    "title": "Swipe Dark",
    "version": 10,
    "width": 720,
    "xscreens": 2,
    "yscreens": 2
  },
  "preset_root": {
    "background_color": "#FF000000",
    "internal_events": [
      {
        "action": "KUSTOM_ACTION",
        "kustom_action": "UNLOCK",
        "scroll_dir": "RIGHT",
        "type": "SCROLL_END"
      }
    ],
    "internal_type": "RootLayerModule",
    "position_padding_top": 0.0,
    "globals_list": {
      "bold": {
        "index": 1,
        "type": "FONT",
        "title": "Bold",
        "description": "",
        "global_formula": "",
        "value": "kfile://org.kustom.provider/fonts/Roboto-Black.ttf"
      },
      "thin": {
        "index": 2,
        "type": "FONT",
        "title": "Thin",
        "description": "",
        "global_formula": "",
        "value": "kfile://org.kustom.provider/fonts/Roboto-Thin.ttf"
      }
    },
    "viewgroup_items": [
      {
        "internal_type": "TextModule",
        "internal_title": "Clock",
        "internal_toggles": {
          "text_family": 100
        },
        "internal_globals": {
          "text_family": "thin"
        },
        "internal_animations": [
          {
            "type": "SCROLL",
            "speed": 82
          }
        ],
        "position_anchor": "TOPLEFT",
        "position_offset_x": 20.0,
        "position_offset_y": 160.0,
        "text_expression": "$df(hh:mm)$[s\u003d.3]$df(a)$[/s]",
        "text_size": 160.0
      },
      {
        "internal_type": "TextModule",
        "internal_toggles": {
          "text_family": 100
        },
        "internal_globals": {
          "text_family": "thin"
        },
        "internal_animations": [
          {
            "type": "SCROLL",
            "speed": 156
          }
        ],
        "position_anchor": "TOPLEFT",
        "position_offset_x": 40.0,
        "position_offset_y": 120.0,
        "text_expression": "$df(d MMM yyyy)$",
        "text_size": 40.0
      },
      {
        "internal_type": "TextModule",
        "internal_toggles": {
          "text_family": 100
        },
        "internal_globals": {
          "text_family": "thin"
        },
        "internal_animations": [
          {
            "type": "SCROLL",
            "speed": 64
          }
        ],
        "position_anchor": "TOPLEFT",
        "position_offset_x": 40.0,
        "position_offset_y": 340.0,
        "text_expression": "$li(loc)$\n[s\u003d.8]$wi(cond)$[/s] $wi(temp)$[s\u003d.6]°$wi(tempu)$[/s]",
        "text_size": 40.0,
        "internal_title": "Weather",
        "text_filter": [
          "CAP"
        ]
      },
      {
        "internal_type": "StackLayerModule",
        "internal_title": "Notifications",
        "position_anchor": "TOPLEFT",
        "position_offset_x": 40.0,
        "position_offset_y": 460.0,
        "config_scale_value": 75.0,
        "config_stacking": "HORIZONTAL_CENTER",
        "config_margin": 5.0,
        "internal_animations": [
          {
            "type": "SCROLL",
            "action": "FADE"
          }
        ],
        "viewgroup_items": [
          {
            "internal_type": "BitmapModule",
            "internal_toggles": {
              "bitmap_bitmap": 10,
              "bitmap_alpha": 10
            },
            "internal_formulas": {
              "bitmap_alpha": "$if(ni(count) \u003e si(mindex), 100, 0)$",
              "bitmap_bitmap": "$ni(si(mindex), icon)$"
            },
            "bitmap_width": 40.0
          },
          {
            "internal_type": "BitmapModule",
            "internal_toggles": {
              "bitmap_bitmap": 10,
              "bitmap_alpha": 10
            },
            "internal_formulas": {
              "bitmap_alpha": "$if(ni(count) \u003e si(mindex), 100, 0)$",
              "bitmap_bitmap": "$ni(si(mindex), icon)$"
            },
            "bitmap_width": 40.0
          },
          {
            "internal_type": "BitmapModule",
            "internal_toggles": {
              "bitmap_bitmap": 10,
              "bitmap_alpha": 10
            },
            "internal_formulas": {
              "bitmap_alpha": "$if(ni(count) \u003e si(mindex), 100, 0)$",
              "bitmap_bitmap": "$ni(si(mindex), icon)$"
            },
            "bitmap_width": 40.0
          },
          {
            "internal_type": "BitmapModule",
            "internal_toggles": {
              "bitmap_bitmap": 10,
              "bitmap_alpha": 10
            },
            "internal_formulas": {
              "bitmap_alpha": "$if(ni(count) \u003e si(mindex), 100, 0)$",
              "bitmap_bitmap": "$ni(si(mindex), icon)$"
            },
            "bitmap_width": 40.0
          },
          {
            "internal_type": "BitmapModule",
            "internal_toggles": {
              "bitmap_bitmap": 10,
              "bitmap_alpha": 10
            },
            "internal_formulas": {
              "bitmap_alpha": "$if(ni(count) \u003e si(mindex), 100, 0)$",
              "bitmap_bitmap": "$ni(si(mindex), icon)$"
            },
            "bitmap_width": 40.0
          },
          {
            "internal_type": "BitmapModule",
            "internal_toggles": {
              "bitmap_bitmap": 10,
              "bitmap_alpha": 10
            },
            "internal_formulas": {
              "bitmap_alpha": "$if(ni(count) \u003e si(mindex), 100, 0)$",
              "bitmap_bitmap": "$ni(si(mindex), icon)$"
            },
            "bitmap_width": 40.0
          },
          {
            "internal_type": "BitmapModule",
            "internal_toggles": {
              "bitmap_bitmap": 10,
              "bitmap_alpha": 10
            },
            "internal_formulas": {
              "bitmap_alpha": "$if(ni(count) \u003e si(mindex), 100, 0)$",
              "bitmap_bitmap": "$ni(si(mindex), icon)$"
            },
            "bitmap_width": 40.0
          },
          {
            "internal_type": "BitmapModule",
            "internal_toggles": {
              "bitmap_bitmap": 10,
              "bitmap_alpha": 10
            },
            "internal_formulas": {
              "bitmap_alpha": "$if(ni(count) \u003e si(mindex), 100, 0)$",
              "bitmap_bitmap": "$ni(si(mindex), icon)$"
            },
            "bitmap_width": 40.0
          },
          {
            "internal_type": "BitmapModule",
            "internal_toggles": {
              "bitmap_bitmap": 10,
              "bitmap_alpha": 10
            },
            "internal_formulas": {
              "bitmap_alpha": "$if(ni(count) \u003e si(mindex), 100, 0)$",
              "bitmap_bitmap": "$ni(si(mindex), icon)$"
            },
            "bitmap_width": 40.0
          },
          {
            "internal_type": "BitmapModule",
            "internal_toggles": {
              "bitmap_bitmap": 10,
              "bitmap_alpha": 10
            },
            "internal_formulas": {
              "bitmap_alpha": "$if(ni(count) \u003e si(mindex), 100, 0)$",
              "bitmap_bitmap": "$ni(si(mindex), icon)$"
            },
            "bitmap_width": 40.0
          }
        ]
      },
      {
        "internal_type": "StackLayerModule",
        "internal_title": "Unlock",
        "internal_animations": [
          {
            "type": "SCROLL",
            "action": "FADE_INVERTED",
            "amount": 100,
            "filter": "BRIGHTEN",
            "speed": 60,
            "rule": "AFTER_CENTER"
          }
        ],
        "position_anchor": "BOTTOM",
        "position_offset_x": 0.0,
        "position_offset_y": 80.0,
        "config_scale_value": 100.0,
        "config_stacking": "HORIZONTAL_CENTER",
        "viewgroup_items": [
          {
            "internal_type": "StackLayerModule",
            "internal_title": "Arrows",
            "config_scale_value": 75.0,
            "config_stacking": "HORIZONTAL_CENTER",
            "config_margin": -40.0,
            "viewgroup_items": [
              {
                "internal_type": "FontIconModule",
                "icon_icon": "chevron_right"
              },
              {
                "internal_type": "FontIconModule",
                "icon_icon": "chevron_right"
              },
              {
                "internal_type": "FontIconModule",
                "icon_icon": "chevron_right"
              },
              {
                "internal_type": "FontIconModule",
                "icon_icon": "chevron_right"
              }
            ]
          },
          {
            "internal_type": "TextModule",
            "internal_toggles": {
              "text_family": 100
            },
            "internal_globals": {
              "text_family": "bold"
            },
            "text_expression": "UNLOCK",
            "text_size": 20.0
          },
          {
            "internal_type": "StackLayerModule",
            "internal_title": "Arrows",
            "config_stacking": "HORIZONTAL_CENTER",
            "config_margin": -40.0,
            "config_scale_value": 75.0,
            "viewgroup_items": [
              {
                "internal_type": "FontIconModule",
                "icon_icon": "chevron_right"
              },
              {
                "internal_type": "FontIconModule",
                "icon_icon": "chevron_right"
              },
              {
                "internal_type": "FontIconModule",
                "icon_icon": "chevron_right"
              },
              {
                "internal_type": "FontIconModule",
                "icon_icon": "chevron_right"
              }
            ]
          }
        ]
      }
    ]
  }
}