{
  "preset_info": {
    "title": "Google Now Material",
    "description": "New material weather icons extracted from Google Now",
    "author": "sainz",
    "email": "sainz.89@gmail.com"
  },
  "preset_root": {
    "internal_type": "KomponentModule",
    "internal_title": "WeatherIconImage",
    "globals_list": {
      "icon": {
        "index": 1,
        "type": "LIST",
        "title": "Icon",
		"entries": "\"$wi(icon)$\"##Current,\"$wf(icon, 0)$\"##Today Forecast,\"$wf(icon, 1)$\"##Tomorrow Forecast,\"$wf(icon, 2)$\"##2 Days Forecast,\"$wf(icon, 3)$\"##3 Days Forecast,\"$wf(icon, 4)$\"##4 Days Forecast,\"$wf(icon, 5)$\"##5 Days Forecast,\"$wf(icon, 6)$\"##6 Days Forecast,\"$wf(icon, 7)$\"##7 Days Forecast,\"$wf(icon, 8)$\"##8 Days Forecast,\"$wf(icon, 9)$\"##9 Days Forecast",
        "value": "$wi(icon)$"
      },
      "nightico": {
        "index": 2,
        "type": "SWITCH",
        "title": "NightIco",
        "value": 1
      },	  
      "scale": {
        "index": 3,
        "type": "NUMBER",
        "title": "Scale",
        "min": 20,
        "max": 500,
        "value": 100
      }
    },
    "internal_locked": "true",
    "config_scale_mode": "PROPORTIONAL",
    "viewgroup_items": [
      {
        "internal_type": "OverlapLayerModule",
        "internal_title": "Bitmaps",
        "internal_toggles": {
          "config_scale_value": 100
        },
        "internal_globals": {
          "config_scale_value": "scale"
        },
        "config_scale_mode": "PROPORTIONAL",
        "viewgroup_items": [
          {
            "internal_type": "BitmapModule",
            "internal_title": "Clear Day",
            "internal_toggles": {
              "bitmap_alpha": 10
            },
            "internal_formulas": {
              "bitmap_alpha": "$if(gv(icon)=clear & (ai(isday)=1 | gv(nightico)=0), 100, 0)$"
            },
            "bitmap_bitmap": "kfile:\/\/org.kustom.provider\/bitmaps\/clear-day.png"
          },
          {
            "internal_type": "BitmapModule",
            "internal_title": "Clear Night",
            "internal_toggles": {
              "bitmap_alpha": 10
            },
            "internal_formulas": {
              "bitmap_alpha": "$if(gv(icon)=clear & (ai(isday)=0 & gv(nightico)=1), 100, 0)$"
            },
            "bitmap_bitmap": "kfile:\/\/org.kustom.provider\/bitmaps\/clear-night.png"
          },
          {
            "internal_type": "BitmapModule",
            "internal_title": "Fog Day",
            "internal_toggles": {
              "bitmap_alpha": 10
            },
            "internal_formulas": {
              "bitmap_alpha": "$if(gv(icon)=fog & (ai(isday)=1 | gv(nightico)=0), 100, 0)$"
            },
            "bitmap_bitmap": "kfile:\/\/org.kustom.provider\/bitmaps\/fog-day.png"
          },
          {
            "internal_type": "BitmapModule",
            "internal_title": "Fog Night",
            "internal_toggles": {
              "bitmap_alpha": 10
            },
            "internal_formulas": {
              "bitmap_alpha": "$if(gv(icon)=fog & (ai(isday)=0 & gv(nightico)=1), 100, 0)$"
            },
            "bitmap_bitmap": "kfile:\/\/org.kustom.provider\/bitmaps\/fog-night.png"
          },
          {
            "internal_type": "BitmapModule",
            "internal_title": "Hail Day",
            "internal_toggles": {
              "bitmap_alpha": 10
            },
            "internal_formulas": {
              "bitmap_alpha": "$if(gv(icon)=hail & (ai(isday)=1 | gv(nightico)=0), 100, 0)$"
            },
            "bitmap_bitmap": "kfile:\/\/org.kustom.provider\/bitmaps\/hail-day.png"
          },
          {
            "internal_type": "BitmapModule",
            "internal_title": "Hail Night",
            "internal_toggles": {
              "bitmap_alpha": 10
            },
            "internal_formulas": {
              "bitmap_alpha": "$if(gv(icon)=hail & (ai(isday)=0 & gv(nightico)=1), 100, 0)$"
            },
            "bitmap_bitmap": "kfile:\/\/org.kustom.provider\/bitmaps\/hail-night.png"
          },
          {
            "internal_type": "BitmapModule",
            "internal_title": "Light Snow Day",
            "internal_toggles": {
              "bitmap_alpha": 10
            },
            "internal_formulas": {
              "bitmap_alpha": "$if(gv(icon)=lsnow & (ai(isday)=1 | gv(nightico)=0), 100, 0)$"
            },
            "bitmap_bitmap": "kfile:\/\/org.kustom.provider\/bitmaps\/lsnow-day.png"
          },
          {
            "internal_type": "BitmapModule",
            "internal_title": "Light Snow Night",
            "internal_toggles": {
              "bitmap_alpha": 10
            },
            "internal_formulas": {
              "bitmap_alpha": "$if(gv(icon)=lsnow & (ai(isday)=0 & gv(nightico)=1), 100, 0)$"
            },
            "bitmap_bitmap": "kfile:\/\/org.kustom.provider\/bitmaps\/lsnow-night.png"
          },
          {
            "internal_type": "BitmapModule",
            "internal_title": "Mostly Cloudy",
            "internal_toggles": {
              "bitmap_alpha": 10
            },
            "internal_formulas": {
              "bitmap_alpha": "$if(gv(icon)=mcloudy, 100, 0)$"
            },
            "bitmap_bitmap": "kfile:\/\/org.kustom.provider\/bitmaps\/mcloudy.png"
          },
          {
            "internal_type": "BitmapModule",
            "internal_title": "Partly Cloudy Day",
            "internal_toggles": {
              "bitmap_alpha": 10
            },
            "internal_formulas": {
              "bitmap_alpha": "$if(gv(icon)=pcloudy & (ai(isday)=1 | gv(nightico)=0), 100, 0)$"
            },
            "bitmap_bitmap": "kfile:\/\/org.kustom.provider\/bitmaps\/pcloudy-day.png"
          },
          {
            "internal_type": "BitmapModule",
            "internal_title": "Partly Cloudy Night",
            "internal_toggles": {
              "bitmap_alpha": 10
            },
            "internal_formulas": {
              "bitmap_alpha": "$if(gv(icon)=pcloudy & (ai(isday)=0 & gv(nightico)=1), 100, 0)$"
            },
            "bitmap_bitmap": "kfile:\/\/org.kustom.provider\/bitmaps\/pcloudy-night.png"
          },
          {
            "internal_type": "BitmapModule",
            "internal_title": "Rain",
            "internal_toggles": {
              "bitmap_alpha": 10
            },
            "internal_formulas": {
              "bitmap_alpha": "$if(gv(icon)=rain, 100, 0)$"
            },
            "bitmap_bitmap": "kfile:\/\/org.kustom.provider\/bitmaps\/rain.png"
          },
          {
            "internal_type": "BitmapModule",
            "internal_title": "Showers Day",
            "internal_toggles": {
              "bitmap_alpha": 10
            },
            "internal_formulas": {
              "bitmap_alpha": "$if(gv(icon)=shower & (ai(isday)=1 | gv(nightico)=0), 100, 0)$"
            },
            "bitmap_bitmap": "kfile:\/\/org.kustom.provider\/bitmaps\/showers-day.png"
          },
          {
            "internal_type": "BitmapModule",
            "internal_title": "Showers Night",
            "internal_toggles": {
              "bitmap_alpha": 10
            },
            "internal_formulas": {
              "bitmap_alpha": "$if(gv(icon)=shower & (ai(isday)=0 & gv(nightico)=1), 100, 0)$"
            },
            "bitmap_bitmap": "kfile:\/\/org.kustom.provider\/bitmaps\/showers-night.png"
          },
          {
            "internal_type": "BitmapModule",
            "internal_title": "Sleet Day",
            "internal_toggles": {
              "bitmap_alpha": 10
            },
            "internal_formulas": {
              "bitmap_alpha": "$if(gv(icon)=sleet & (ai(isday)=1 | gv(nightico)=0), 100, 0)$"
            },
            "bitmap_bitmap": "kfile:\/\/org.kustom.provider\/bitmaps\/sleet-day.png"
          },
          {
            "internal_type": "BitmapModule",
            "internal_title": "Sleet Night",
            "internal_toggles": {
              "bitmap_alpha": 10
            },
            "internal_formulas": {
              "bitmap_alpha": "$if(gv(icon)=sleet & (ai(isday)=0 & gv(nightico)=1), 100, 0)$"
            },
            "bitmap_bitmap": "kfile:\/\/org.kustom.provider\/bitmaps\/sleet-night.png"
          },
          {
            "internal_type": "BitmapModule",
            "internal_title": "Snow Day",
            "internal_toggles": {
              "bitmap_alpha": 10
            },
            "internal_formulas": {
              "bitmap_alpha": "$if(gv(icon)=snow & (ai(isday)=1 | gv(nightico)=0), 100, 0)$"
            },
            "bitmap_bitmap": "kfile:\/\/org.kustom.provider\/bitmaps\/snow-day.png"
          },
          {
            "internal_type": "BitmapModule",
            "internal_title": "Snow Night",
            "internal_toggles": {
              "bitmap_alpha": 10
            },
            "internal_formulas": {
              "bitmap_alpha": "$if(gv(icon)=snow & (ai(isday)=0 & gv(nightico)=1), 100, 0)$"
            },
            "bitmap_bitmap": "kfile:\/\/org.kustom.provider\/bitmaps\/snow-night.png"
          },
          {
            "internal_type": "BitmapModule",
            "internal_title": "Tornado",
            "internal_toggles": {
              "bitmap_alpha": 10
            },
            "internal_formulas": {
              "bitmap_alpha": "$if(gv(icon)=tornado, 100, 0)$"
            },
            "bitmap_bitmap": "kfile:\/\/org.kustom.provider\/bitmaps\/tornado.png"
          },
          {
            "internal_type": "BitmapModule",
            "internal_title": "Thunder Shower Day",
            "internal_toggles": {
              "bitmap_alpha": 10
            },
            "internal_formulas": {
              "bitmap_alpha": "$if(gv(icon)=tshower & (ai(isday)=1 | gv(nightico)=0), 100, 0)$"
            },
            "bitmap_bitmap": "kfile:\/\/org.kustom.provider\/bitmaps\/tshower-day.png"
          },
          {
            "internal_type": "BitmapModule",
            "internal_title": "Thunder Shower Night",
            "internal_toggles": {
              "bitmap_alpha": 10
            },
            "internal_formulas": {
              "bitmap_alpha": "$if(gv(icon)=tshower & (ai(isday)=0 & gv(nightico)=1), 100, 0)$"
            },
            "bitmap_bitmap": "kfile:\/\/org.kustom.provider\/bitmaps\/tshower-night.png"
          },
          {
            "internal_type": "BitmapModule",
            "internal_title": "Thunderstorm",
            "internal_toggles": {
              "bitmap_alpha": 10
            },
            "internal_formulas": {
              "bitmap_alpha": "$if(gv(icon)=tstorm, 100, 0)$"
            },
            "bitmap_bitmap": "kfile:\/\/org.kustom.provider\/bitmaps\/tstorm.png"
          },
          {
            "internal_type": "BitmapModule",
            "internal_title": "Unknown",
            "internal_toggles": {
              "bitmap_alpha": 10
            },
            "internal_formulas": {
              "bitmap_alpha": "$if(gv(icon)=unknown, 100, 0)$"
            },
            "bitmap_bitmap": "kfile:\/\/org.kustom.provider\/bitmaps\/unknown.png"
          },
          {
            "internal_type": "BitmapModule",
            "internal_title": "Windy Day",
            "internal_toggles": {
              "bitmap_alpha": 10
            },
            "internal_formulas": {
              "bitmap_alpha": "$if(gv(icon)=windy & (ai(isday)=1 | gv(nightico)=0), 100, 0)$"
            },
            "bitmap_bitmap": "kfile:\/\/org.kustom.provider\/bitmaps\/windy-day.png"
          },
          {
            "internal_type": "BitmapModule",
            "internal_title": "Windy Night",
            "internal_toggles": {
              "bitmap_alpha": 10
            },
            "internal_formulas": {
              "bitmap_alpha": "$if(gv(icon)=windy & (ai(isday)=0 & gv(nightico)=1), 100, 0)$"
            },
            "bitmap_bitmap": "kfile:\/\/org.kustom.provider\/bitmaps\/windy-night.png"
          }
        ]
      }
    ]
  }
}