{
  "preset_info": {
    "author": "Kustom Industries",
    "description": "A minimal swipe up lockscreen with no notifications and player",
    "features": "",
    "pflags": 0,
    "height": 960,
    "locked": false,
    "release": 328727714,
    "title": "Micro",
    "version": 10,
    "width": 540,
    "xscreens": 2,
    "yscreens": 2
  },
  "preset_root": {
    "background_color": "#FF353535",
    "internal_events": [
      {
        "action": "KUSTOM_ACTION",
        "kustom_action": "UNLOCK",
        "scroll_dir": "TOP",
        "type": "SCROLL_END"
      }
    ],
    "internal_type": "RootLayerModule",
    "position_padding_top": 0.0,
    "viewgroup_items": [
      {
        "config_stacking": "VERTICAL_CENTER",
        "internal_animations": [
          {
            "rule": "FROM_CENTER",
            "type": "SCROLL_Y"
          },
          {
            "action": "FADE",
            "rule": "UP_TO_CENTER",
            "speed": 150.0,
            "type": "SCROLL_Y"
          },
          {
            "action": "SCALE_INVERTED",
            "amount": 5.0,
            "internal_formulas": {
              "speed": "1"
            },
            "internal_toggles": {
              "speed": 10
            },
            "rule": "FROM_CENTER",
            "speed": 10.0,
            "type": "SCROLL_Y"
          }
        ],
        "internal_title": "Clock and Date",
        "internal_type": "StackLayerModule",
        "viewgroup_items": [
          {
            "internal_animations": [
              {
                "type": "SCROLL"
              }
            ],
            "internal_type": "TextModule",
            "paint_color": "#CDFFFFFF",
            "position_offset_x": -1.0,
            "text_expression": "$df(h:mm)$",
            "text_family": "kfile://org.kustom.provider/fonts/Roboto-Thin.ttf",
            "text_size": 150.0
          },
          {
            "internal_animations": {
              "25e37483c01f4fd7": {
                "action": "SCROLL_INVERTED",
                "speed": 50,
                "type": "SCROLL"
              }
            },
            "internal_type": "TextModule",
            "paint_color": "#89FFFFFF",
            "position_offset_y": 100.0,
            "position_padding_top": 0.0,
            "text_expression": "$df(EEEE)$, $df(MMM dd)$",
            "text_family": "kfile://org.kustom.provider/fonts/Roboto-Thin.ttf",
            "text_filter": [
              "UP"
            ],
            "text_size": 45.0,
            "text_size_type": "SINGLE_FIXED_WIDTH",
            "text_width": 380.0
          }
        ]
      },
      {
        "config_margin": -15.0,
        "config_stacking": "VERTICAL_CENTER",
        "internal_animations": [
          {
            "action": "FADE",
            "rule": "FROM_CENTER",
            "speed": 300.0,
            "type": "SCROLL_Y"
          },
          {
            "action": "FADE",
            "filter": "BRIGHTEN",
            "rule": "UP_TO_CENTER",
            "type": "SCROLL_Y",
            "speed": 300
          },
          {
            "action": "SCALE_INVERTED",
            "anchor": "MODULE_BOTTOM",
            "rule": "UP_TO_CENTER",
            "speed": 5.0,
            "type": "SCROLL_Y"
          }
        ],
        "internal_title": "Unlock Icons",
        "internal_type": "StackLayerModule",
        "position_anchor": "BOTTOM",
        "position_offset_x": 0.0,
        "position_offset_y": 40.0,
        "viewgroup_items": [
          {
            "icon_icon": "keyboard_arrow_up",
            "icon_size": 60.0,
            "internal_type": "FontIconModule",
            "paint_color": "#6EFFFFFF",
            "paint_stroke": 3.0
          },
          {
            "icon_icon": "lock_open",
            "icon_size": 40.0,
            "internal_type": "FontIconModule",
            "paint_color": "#6EFFFFFF"
          }
        ]
      }
    ]
  }
}