{
  "preset_info": {
    "version": 1,
    "title": "HelloWorld",
    "description": "demo skin",
    "author": "",
    "email": ""
  },
  "preset_root": {
    "internal_id": "2f038004-eb4e-4bbd-9d4f-843b86179212",
    "internal_type": "RootLayerModule",
    "viewgroup_items": [
      {
        "internal_id": "4301fe22-c99f-417b-a85b-dd6c383a0c3c",
        "internal_type": "TextModule",
        "text_expression": "Hello World",
        "text_size": 95,
        "paint_color": "#A5FFFFFF"
      },
      {
        "internal_type": "TextModule",
        "text_expression": "It's $df(h:mm)$",
        "text_size": 58,
        "internal_id": "92d2973f-b6da-4da5-b6e1-5a402837a3de",
        "position_padding_top": 101
      }
    ],
    "globals_list": {
      "Key: tcolor": {
        "type": "COLOR",
        "title": "TColor",
        "index": 0,
        "value": "#94FFFFFF"
      },
      "Key: tfont": {
        "type": "FONT",
        "title": "TFont",
        "index": 1,
        "value": "kfile:\/\/org.kustom.provider\/fonts\/Roboto-Black.ttf"
      }
    },
    "background_type": "IMAGE",
    "position_padding_top": 155,
    "background_bitmap": "kfile:\/\/org.kustom.provider\/bitmaps\/IMGdd4f880206ef532d0fa6aa18fb6c1be6"
  }
}